{"IcoMoonType":"selection","icons":[{"icon":{"paths":["M804.571 420.571v109.714c0 30.286-24.571 54.857-54.857 54.857h-237.714v237.714c0 30.286-24.571 54.857-54.857 54.857h-109.714c-30.286 0-54.857-24.571-54.857-54.857v-237.714h-237.714c-30.286 0-54.857-24.571-54.857-54.857v-109.714c0-30.286 24.571-54.857 54.857-54.857h237.714v-237.714c0-30.286 24.571-54.857 54.857-54.857h109.714c30.286 0 54.857 24.571 54.857 54.857v237.714h237.714c30.286 0 54.857 24.571 54.857 54.857z"],"width":804.5714285714286,"attrs":[],"isMulticolor":false,"isMulticolor2":false,"tags":["plus"],"defaultCode":61543,"grid":14},"attrs":[],"properties":{"name":"plus","id":1,"order":9,"prevSize":28,"code":61543},"setIdx":0,"setId":2,"iconIdx":1},{"icon":{"paths":["M731.429 799.429c0 83.429-54.857 151.429-121.714 151.429h-488c-66.857 0-121.714-68-121.714-151.429 0-150.286 37.143-324 186.857-324 46.286 45.143 109.143 73.143 178.857 73.143s132.571-28 178.857-73.143c149.714 0 186.857 173.714 186.857 324zM585.143 292.571c0 121.143-98.286 219.429-219.429 219.429s-219.429-98.286-219.429-219.429 98.286-219.429 219.429-219.429 219.429 98.286 219.429 219.429z"],"width":731.4285714285713,"attrs":[],"isMulticolor":false,"isMulticolor2":false,"tags":["user"],"defaultCode":61447,"grid":14},"attrs":[],"properties":{"name":"user","id":11,"order":7,"prevSize":28,"code":61447},"setIdx":0,"setId":2,"iconIdx":11},{"icon":{"paths":["M684 585.143h-62.286c-20 0-36.571-16.571-36.571-36.571v-73.143c0-20 16.571-36.571 36.571-36.571h62.286c-24.571-82.286-89.714-147.429-172-172v62.286c0 20-16.571 36.571-36.571 36.571h-73.143c-20 0-36.571-16.571-36.571-36.571v-62.286c-82.286 24.571-147.429 89.714-172 172h62.286c20 0 36.571 16.571 36.571 36.571v73.143c0 20-16.571 36.571-36.571 36.571h-62.286c24.571 82.286 89.714 147.429 172 172v-62.286c0-20 16.571-36.571 36.571-36.571h73.143c20 0 36.571 16.571 36.571 36.571v62.286c82.286-24.571 147.429-89.714 172-172zM877.714 475.429v73.143c0 20-16.571 36.571-36.571 36.571h-81.714c-28 122.857-124.571 219.429-247.429 247.429v81.714c0 20-16.571 36.571-36.571 36.571h-73.143c-20 0-36.571-16.571-36.571-36.571v-81.714c-122.857-28-219.429-124.571-247.429-247.429h-81.714c-20 0-36.571-16.571-36.571-36.571v-73.143c0-20 16.571-36.571 36.571-36.571h81.714c28-122.857 124.571-219.429 247.429-247.429v-81.714c0-20 16.571-36.571 36.571-36.571h73.143c20 0 36.571 16.571 36.571 36.571v81.714c122.857 28 219.429 124.571 247.429 247.429h81.714c20 0 36.571 16.571 36.571 36.571z"],"width":877.7142857142857,"attrs":[],"isMulticolor":false,"isMulticolor2":false,"tags":["crosshairs"],"defaultCode":61531,"grid":14},"attrs":[],"properties":{"name":"crosshairs","id":90,"order":8,"prevSize":28,"code":61531},"setIdx":0,"setId":2,"iconIdx":90},{"icon":{"paths":["M804.571 708.571c0 20.571-9.143 60.571-17.714 79.429-12 28-44 46.286-69.714 60.571-33.714 18.286-68 29.143-106.286 29.143-53.143 0-101.143-21.714-149.714-39.429-34.857-12.571-68.571-28-100-47.429-97.143-60-214.286-177.143-274.286-274.286-19.429-31.429-34.857-65.143-47.429-100-17.714-48.571-39.429-96.571-39.429-149.714 0-38.286 10.857-72.571 29.143-106.286 14.286-25.714 32.571-57.714 60.571-69.714 18.857-8.571 58.857-17.714 79.429-17.714 4 0 8 0 12 1.714 12 4 24.571 32 30.286 43.429 18.286 32.571 36 65.714 54.857 97.714 9.143 14.857 26.286 33.143 26.286 50.857 0 34.857-103.429 85.714-103.429 116.571 0 15.429 14.286 35.429 22.286 49.143 57.714 104 129.714 176 233.714 233.714 13.714 8 33.714 22.286 49.143 22.286 30.857 0 81.714-103.429 116.571-103.429 17.714 0 36 17.143 50.857 26.286 32 18.857 65.143 36.571 97.714 54.857 11.429 5.714 39.429 18.286 43.429 30.286 1.714 4 1.714 8 1.714 12z"],"width":804.5714285714286,"attrs":[],"isMulticolor":false,"isMulticolor2":false,"tags":["phone"],"defaultCode":61589,"grid":14},"attrs":[],"properties":{"name":"phone","id":141,"order":6,"prevSize":28,"code":61589},"setIdx":0,"setId":2,"iconIdx":141},{"icon":{"paths":["M585.143 512c0-80.571-65.714-146.286-146.286-146.286s-146.286 65.714-146.286 146.286 65.714 146.286 146.286 146.286 146.286-65.714 146.286-146.286zM664 512c0 124.571-100.571 225.143-225.143 225.143s-225.143-100.571-225.143-225.143 100.571-225.143 225.143-225.143 225.143 100.571 225.143 225.143zM725.714 277.714c0 29.143-23.429 52.571-52.571 52.571s-52.571-23.429-52.571-52.571 23.429-52.571 52.571-52.571 52.571 23.429 52.571 52.571zM438.857 152c-64 0-201.143-5.143-258.857 17.714-20 8-34.857 17.714-50.286 33.143s-25.143 30.286-33.143 50.286c-22.857 57.714-17.714 194.857-17.714 258.857s-5.143 201.143 17.714 258.857c8 20 17.714 34.857 33.143 50.286s30.286 25.143 50.286 33.143c57.714 22.857 194.857 17.714 258.857 17.714s201.143 5.143 258.857-17.714c20-8 34.857-17.714 50.286-33.143s25.143-30.286 33.143-50.286c22.857-57.714 17.714-194.857 17.714-258.857s5.143-201.143-17.714-258.857c-8-20-17.714-34.857-33.143-50.286s-30.286-25.143-50.286-33.143c-57.714-22.857-194.857-17.714-258.857-17.714zM877.714 512c0 60.571 0.571 120.571-2.857 181.143-3.429 70.286-19.429 132.571-70.857 184s-113.714 67.429-184 70.857c-60.571 3.429-120.571 2.857-181.143 2.857s-120.571 0.571-181.143-2.857c-70.286-3.429-132.571-19.429-184-70.857s-67.429-113.714-70.857-184c-3.429-60.571-2.857-120.571-2.857-181.143s-0.571-120.571 2.857-181.143c3.429-70.286 19.429-132.571 70.857-184s113.714-67.429 184-70.857c60.571-3.429 120.571-2.857 181.143-2.857s120.571-0.571 181.143 2.857c70.286 3.429 132.571 19.429 184 70.857s67.429 113.714 70.857 184c3.429 60.571 2.857 120.571 2.857 181.143z"],"width":877.7142857142857,"attrs":[],"isMulticolor":false,"isMulticolor2":false,"tags":["instagram"],"defaultCode":61805,"grid":14},"attrs":[],"properties":{"name":"instagram","id":329,"order":11,"prevSize":28,"code":61805},"setIdx":0,"setId":2,"iconIdx":329},{"icon":{"paths":["M1095.429 297.143c8.571 23.429-18.286 78.286-85.714 168-110.857 147.429-122.857 133.714-31.429 218.857 88 81.714 106.286 121.143 109.143 126.286 0 0 36.571 64-40.571 64.571l-146.286 2.286c-31.429 6.286-73.143-22.286-73.143-22.286-54.857-37.714-106.286-135.429-146.286-122.857 0 0-41.143 13.143-40 101.143 0.571 18.857-8.571 29.143-8.571 29.143s-10.286 10.857-30.286 12.571h-65.714c-144.571 9.143-272-124-272-124s-139.429-144-261.714-431.429c-8-18.857 0.571-28 0.571-28s8.571-10.857 32.571-10.857l156.571-1.143c14.857 2.286 25.143 10.286 25.143 10.286s9.143 6.286 13.714 18.286c25.714 64 58.857 122.286 58.857 122.286 57.143 117.714 96 137.714 118.286 125.714 0 0 29.143-17.714 22.857-160-2.286-51.429-16.571-74.857-16.571-74.857-13.143-17.714-37.714-22.857-48.571-24.571-8.571-1.143 5.714-21.714 24.571-30.857 28-13.714 77.714-14.286 136.571-13.714 46.286 0.571 59.429 3.429 77.143 7.429 54.286 13.143 36 63.429 36 184.571 0 38.857-7.429 93.143 20.571 110.857 12 8 41.714 1.143 114.857-123.429 0 0 34.286-59.429 61.143-128.571 4.571-12.571 14.286-17.714 14.286-17.714s9.143-5.143 21.714-3.429l164.571-1.143c49.714-6.286 57.714 16.571 57.714 16.571z"],"width":1118.8662857142856,"attrs":[],"isMulticolor":false,"isMulticolor2":false,"tags":["vk"],"defaultCode":61833,"grid":14},"attrs":[],"properties":{"name":"vk","id":355,"order":10,"prevSize":28,"code":61833},"setIdx":0,"setId":2,"iconIdx":355}],"height":1024,"metadata":{"name":"icomoon"},"preferences":{"showGlyphs":true,"showQuickUse":true,"showQuickUse2":true,"showSVGs":true,"fontPref":{"prefix":"icon-","metadata":{"fontFamily":"icomoon","majorVersion":1,"minorVersion":0},"metrics":{"emSize":1024,"baseline":6.25,"whitespace":50},"embed":false,"noie8":true,"ie7":false,"showSelector":true,"selector":"i","showMetrics":true,"showMetadata":true,"showVersion":true},"imagePref":{"prefix":"icon-","png":true,"useClassSelector":true,"color":0,"bgColor":16777215,"classSelector":".icon","name":"icomoon","height":32,"columns":16,"margin":16,"autoHost":false},"historySize":50,"showCodes":true,"gridSize":16,"quickUsageToken":{"UntitledProject":"ODFhN2IyN2UyMTM4Y2M1ZDQyZDIzYjczNzQzMjY0NDAjMSMxNTY5NDQzOTQ4IyMj"}}}